{"cameraMode":{"drawMode":0,"name":"Shaded","section":"Shading Mode"},"sceneLighting":true,"audioPlay":false,"sceneViewState":{"showFog":true,"showMaterialUpdate":false,"showSkybox":true,"showFlares":true,"showImageEffects":true,"showParticleSystems":true},"in2DMode":false,"pivot":{"x":4.544352054595947,"y":1.5299139022827149,"z":0.04262721538543701},"rotation":{"x":0.08874779939651489,"y":0.3962830603122711,"z":-0.03851946443319321,"w":0.9130168557167053},"size":1.6477841138839722,"orthographic":true}